{"cameraMode":{"drawMode":0,"name":"Shaded","section":"Shading Mode"},"sceneLighting":true,"audioPlay":false,"sceneViewState":{"m_AlwaysRefresh":false,"showFog":true,"showSkybox":true,"showFlares":true,"showImageEffects":true,"showParticleSystems":true,"showVisualEffectGraphs":true,"m_FxEnabled":true},"in2DMode":false,"pivot":{"x":121.89071655273438,"y":135.39059448242188,"z":-7.931894302368164},"rotation":{"x":0.23575793206691743,"y":-0.42183607816696169,"z":0.11455380171537399,"w":0.8679741621017456},"size":6.805213928222656,"orthographic":false}